{"train_loss": 0.0904178916476667, "val_loss": 0.1439738690853119, "_timestamp": 1710338851.4250789, "_runtime": 638.072518825531, "_step": 29}