{"train_loss": 0.3312382273375988, "val_loss": 0.2810929179191589, "train_prec": 0.9248945206403733, "val_prec": 0.9393027186393738, "train_rec": 0.7868835210800171, "val_rec": 0.8770614862442017, "_timestamp": 1710345678.503253, "_runtime": 89.48740100860596, "_step": 3}