{"train_loss": 0.6873736917972565, "val_loss": 0.6789871573448181, "train_prec": 0.0, "val_prec": 0.0, "train_rec": 0.0, "val_rec": 0.0, "_timestamp": 1710339833.1918144, "_runtime": 22.97789740562439, "_step": 0}