{"train_loss": 0.6876889854669571, "val_loss": 0.6800045728683471, "train_prec": 0.0, "val_prec": 0.0, "train_rec": 0.0, "val_rec": 0.0, "_timestamp": 1710339924.5595086, "_runtime": 23.115678548812866, "_step": 0}