{"train_loss": 0.16065437626093626, "val_loss": 0.16835293173789978, "_timestamp": 1710280486.4470608, "_runtime": 205.90511083602905, "_step": 9}