{"train_loss": 0.09270744849927723, "val_loss": 0.1399873673915863, "_timestamp": 1710285067.5082068, "_runtime": 627.7801277637482, "_step": 29}