{"train_loss": 0.09321434749290347, "val_loss": 0.14097107909619808, "train_prec": 0.969921451807022, "val_prec": 0.9620454549789429, "train_rec": 0.9654999196529388, "val_rec": 0.9686716318130493, "_timestamp": 1710346464.3001685, "_runtime": 621.1890676021576, "_step": 29, "_wandb": {"runtime": 620}}