{"train_loss": 0.6655238509178162, "val_loss": 0.6253546953201294, "_timestamp": 1710337829.231882, "_runtime": 46.86765503883362, "_step": 1}