{"train_loss": 0.6688879758119584, "val_loss": 0.665933084487915, "_timestamp": 1710280257.0861464, "_runtime": 210.9441213607788, "_step": 9, "_wandb": {"runtime": 210}}