{"train_loss": 0.07149888472631574, "val_loss": 0.1263347901403904, "train_prec": 0.9756890684366226, "val_prec": 0.9740086197853088, "train_rec": 0.9765012085437774, "val_rec": 0.9681374073028565, "_timestamp": 1710347293.8622444, "_runtime": 614.7238702774048, "_step": 29, "_wandb": {"runtime": 614}}